Total Data,Files/sec,IOPS,MiB/sec
0.488,48.639892,48.639892,3.039993
0.488,355.916851,355.916851,22.244803
